<?xml version="1.0" encoding="UTF-8"?>
<project-private xmlns="http://www.netbeans.org/ns/project-private/1">
    <editor-bookmarks xmlns="http://www.netbeans.org/ns/editor-bookmarks/2" lastBookmarkId="0"/>
    <open-files xmlns="http://www.netbeans.org/ns/projectui-open-files/2">
        <group>
            <file>file:/C:/Users/sanee/Downloads/Assignment4_AED-master/Assignment4_AED-master/Assignment%204/src/ui/AddCommunity.java</file>
            <file>file:/C:/Users/sanee/Downloads/Assignment4_AED-master/Assignment4_AED-master/Assignment%204/src/ui/AddHouse.java</file>
            <file>file:/C:/Users/sanee/Downloads/Assignment4_AED-master/Assignment4_AED-master/Assignment%204/src/ui/ImportCSV.java</file>
            <file>file:/C:/Users/sanee/Downloads/Assignment4_AED-master/Assignment4_AED-master/Assignment%204/src/ui/MainJFrame.java</file>
            <file>file:/C:/Users/sanee/Downloads/Assignment4_AED-master/Assignment4_AED-master/Assignment%204/src/ui/AddPatient.java</file>
            <file>file:/C:/Users/sanee/Downloads/Assignment4_AED-master/Assignment4_AED-master/Assignment%204/src/ui/DisplayData.java</file>
        </group>
    </open-files>
</project-private>
